Account_Id__c,Account_Name__c,Restaurant_Type__c,Region__c,Segment__c,Plan_Tier__c,Status__c,Current_MRR__c,MRR__c,Avg_Active_Days__c,Orders_Processed__c,Support_Calls__c,Escalated_Calls__c,Failed_Payments__c,Open_Pipeline_Amount__c,Weighted_Pipeline_Amount__c,Health_Score__c,Risk_Band__c,Main_Risk_Driver__c,Recommended_Action__c,Customer_Success_Manager__c
acct_085,Foundry Restaurant Co,Fast Casual,Latin America,Enterprise,Enterprise,paused,22795.0,22795.0,18.5,27347,0,0,0,0,0.0,77.3,Watch,Healthy usage and engagement,Continue regular success cadence,Avery Morgan
acct_065,Juniper Cafe Group,Fast Casual,Latin America,Enterprise,Enterprise,active,22355.0,22355.0,18.0,26907,0,0,0,0,0.0,76.9,Watch,Healthy usage and engagement,Continue regular success cadence,Morgan Lee
acct_045,Orchard Bistro,Fast Casual,Latin America,Enterprise,Enterprise,active,21915.0,21915.0,17.5,25867,0,0,0,0,0.0,76.4,Watch,Healthy usage and engagement,Continue regular success cadence,Avery Morgan
acct_025,Atlas Table,Fast Casual,Latin America,Enterprise,Enterprise,active,21475.0,21475.0,18.5,26987,0,0,0,0,0.0,77.0,Watch,Healthy usage and engagement,Continue regular success cadence,Morgan Lee
acct_090,Amber Food Hall,Fast Casual,Asia Pacific,Enterprise,Enterprise,active,20430.0,20430.0,24.5,35917,0,0,0,224500,152660.0,87.9,Healthy,Healthy usage and engagement,Advance expansion opportunity,Riley Patel
acct_070,Bluebird Dining Collective,Fast Casual,Asia Pacific,Enterprise,Enterprise,active,19990.0,19990.0,25.5,37037,0,0,0,220000,149600.0,88.5,Healthy,Healthy usage and engagement,Advance expansion opportunity,Drew Martinez
acct_050,Clover Hospitality,Fast Casual,Asia Pacific,Enterprise,Enterprise,active,19550.0,19550.0,25.0,36597,0,0,0,215000,146200.0,88.1,Healthy,Healthy usage and engagement,Advance expansion opportunity,Riley Patel
acct_030,Foundry Table,Fast Casual,Asia Pacific,Enterprise,Enterprise,active,19110.0,19110.0,24.5,36157,0,0,0,210000,142800.0,88.1,Healthy,Healthy usage and engagement,Advance expansion opportunity,Drew Martinez
acct_008,Prime Plate Hospitality,Fine Dining,North America,Enterprise,Enterprise,active,18500.0,18500.0,29.5,49850,0,0,0,86000,70520.0,86.8,Healthy,Healthy usage and engagement,Advance expansion opportunity,Avery Morgan
acct_095,Ember Food Hall,Fast Casual,Europe,Enterprise,Enterprise,active,18065.0,18065.0,18.0,26487,0,0,0,0,0.0,76.8,Watch,Healthy usage and engagement,Continue regular success cadence,Taylor Kim
acct_075,Golden Dining Collective,Fast Casual,Europe,Enterprise,Enterprise,active,17625.0,17625.0,17.5,26047,0,0,0,0,0.0,76.3,Watch,Healthy usage and engagement,Continue regular success cadence,Samira Khan
acct_055,Maple Hospitality,Fast Casual,Europe,Enterprise,Enterprise,active,17185.0,17185.0,18.5,27167,0,0,0,0,0.0,77.4,Watch,Healthy usage and engagement,Continue regular success cadence,Taylor Kim
acct_035,Amber Bistro,Fast Casual,Europe,Enterprise,Enterprise,active,16745.0,16745.0,18.0,26127,0,0,0,0,0.0,76.9,Watch,Healthy usage and engagement,Continue regular success cadence,Samira Khan
acct_015,Bluebird Kitchen,Fast Casual,Europe,Enterprise,Enterprise,active,16305.0,16305.0,17.5,25687,0,0,0,0,0.0,76.5,Watch,Healthy usage and engagement,Continue regular success cadence,Taylor Kim
acct_011,Cedar Table Group,Casual Dining,North America,Enterprise,Enterprise,active,16200.0,16200.0,22.0,31900,0,0,0,190000,129200.00000000001,81.1,Healthy,CSM risk note,Advance expansion opportunity,Avery Morgan
acct_100,Orchard Food Hall,Fast Casual,North America,Enterprise,Enterprise,active,15700.0,15700.0,25.5,37817,0,0,0,172500,117300.00000000001,88.5,Healthy,Healthy usage and engagement,Advance expansion opportunity,Casey Nguyen
acct_080,Atlas Restaurant Co,Fast Casual,North America,Enterprise,Enterprise,active,15260.0,15260.0,25.0,36177,0,0,0,168000,114240.00000000001,88.5,Healthy,Healthy usage and engagement,Advance expansion opportunity,Jordan Ellis
acct_060,Canyon Cafe Group,Fast Casual,North America,Enterprise,Enterprise,active,14820.0,14820.0,24.5,35737,0,0,0,163000,110840.00000000001,88.0,Healthy,Healthy usage and engagement,Advance expansion opportunity,Casey Nguyen
acct_040,Ember Bistro,Fast Casual,North America,Enterprise,Enterprise,active,14380.0,14380.0,25.5,37457,0,0,0,158000,107440.00000000001,88.6,Healthy,Healthy usage and engagement,Advance expansion opportunity,Jordan Ellis
acct_002,Harbor Sushi Group,Fine Dining,North America,Enterprise,Enterprise,active,14200.0,14200.0,27.5,38150,0,0,0,165000,118800.0,86.8,Healthy,Healthy usage and engagement,Advance expansion opportunity,Avery Morgan
acct_020,Golden Kitchen,Fast Casual,North America,Enterprise,Enterprise,active,13940.0,13940.0,25.0,37017,0,0,0,153500,104380.00000000001,88.2,Healthy,Healthy usage and engagement,Advance expansion opportunity,Casey Nguyen
acct_072,Clover Dining Collective,Casual Dining,North America,Mid-Market,Pro,active,5992.0,5992.0,9.5,5469,0,0,0,0,0.0,58.3,At Risk,Low product adoption,Schedule CSM risk review and adoption plan,Jordan Ellis
acct_026,Bluebird Table,Fine Dining,Asia Pacific,Mid-Market,Pro,active,5986.0,5986.0,4.0,2533,0,0,1,0,0.0,32.3,Critical,Payment failure,Schedule CSM risk review and adoption plan,Riley Patel
acct_052,Foundry Hospitality,Casual Dining,North America,Mid-Market,Pro,active,5872.0,5872.0,10.5,6269,0,0,0,0,0.0,58.9,At Risk,CSM risk note,Schedule CSM risk review and adoption plan,Casey Nguyen
acct_032,Juniper Table,Casual Dining,North America,Mid-Market,Pro,active,5752.0,5752.0,10.0,6289,0,0,0,0,0.0,58.9,At Risk,CSM risk note,Schedule CSM risk review and adoption plan,Jordan Ellis
acct_091,Atlas Food Hall,Fine Dining,Europe,Mid-Market,Pro,active,5701.0,5701.0,18.5,9763,0,0,0,0,0.0,77.4,Watch,Healthy usage and engagement,Continue regular success cadence,Samira Khan
acct_071,Canyon Dining Collective,Fine Dining,Europe,Mid-Market,Pro,active,5581.0,5581.0,18.0,9783,0,0,0,0,0.0,77.0,Watch,Healthy usage and engagement,Continue regular success cadence,Taylor Kim
acct_097,Golden Food Hall,Casual Dining,Latin America,Mid-Market,Pro,active,5467.0,5467.0,25.5,14039,0,0,0,43500,29580.000000000004,88.6,Healthy,Healthy usage and engagement,Advance expansion opportunity,Morgan Lee
acct_051,Ember Hospitality,Fine Dining,Europe,Mid-Market,Pro,paused,5461.0,5461.0,17.5,9803,0,0,0,0,0.0,76.6,Watch,Healthy usage and engagement,Continue regular success cadence,Samira Khan
acct_077,Maple Dining Collective,Casual Dining,Latin America,Mid-Market,Pro,active,5347.0,5347.0,25.0,14059,0,0,0,43000,29240.000000000004,88.2,Healthy,Healthy usage and engagement,Advance expansion opportunity,Avery Morgan
acct_031,Golden Table,Fine Dining,Europe,Mid-Market,Pro,active,5341.0,5341.0,18.5,10603,0,0,0,0,0.0,77.2,Watch,Healthy usage and engagement,Continue regular success cadence,Taylor Kim
acct_057,Amber Cafe Group,Casual Dining,Latin America,Mid-Market,Pro,active,5227.0,5227.0,24.5,12879,0,0,0,42000,28560.000000000004,88.2,Healthy,Healthy usage and engagement,Advance expansion opportunity,Morgan Lee
acct_037,Bluebird Bistro,Casual Dining,Latin America,Mid-Market,Pro,active,5107.0,5107.0,25.5,13679,0,0,0,41000,27880.000000000004,88.8,Healthy,Healthy usage and engagement,Advance expansion opportunity,Avery Morgan
acct_096,Foundry Food Hall,Fine Dining,North America,Mid-Market,Pro,active,5056.0,5056.0,3.5,2493,0,0,1,0,0.0,32.1,Critical,Payment failure,Schedule CSM risk review and adoption plan,Jordan Ellis
acct_017,Clover Kitchen,Casual Dining,Latin America,Mid-Market,Pro,active,4987.0,4987.0,25.0,13699,0,0,0,40000,27200.000000000004,88.3,Healthy,Healthy usage and engagement,Advance expansion opportunity,Morgan Lee
acct_076,Juniper Dining Collective,Fine Dining,North America,Mid-Market,Pro,active,4936.0,4936.0,4.5,3293,0,0,1,0,0.0,32.7,Critical,Payment failure,Schedule CSM risk review and adoption plan,Casey Nguyen
acct_056,Orchard Hospitality,Fine Dining,North America,Mid-Market,Pro,active,4816.0,4816.0,4.0,2713,0,0,1,0,0.0,32.3,Critical,Payment failure,Schedule CSM risk review and adoption plan,Jordan Ellis
acct_082,Canyon Restaurant Co,Casual Dining,Asia Pacific,Mid-Market,Pro,active,4702.0,4702.0,10.5,5849,0,0,0,0,0.0,59.3,At Risk,CSM risk note,Schedule CSM risk review and adoption plan,Riley Patel
acct_009,Beacon Burger Co,Quick Service,North America,Mid-Market,Pro,active,4700.0,4700.0,22.0,8240,0,0,0,22000,13420.0,77.0,Watch,Healthy usage and engagement,Advance expansion opportunity,Jordan Ellis
acct_036,Atlas Bistro,Fine Dining,North America,Mid-Market,Pro,active,4696.0,4696.0,3.5,2133,0,0,1,0,0.0,31.8,Critical,Payment failure,Schedule CSM risk review and adoption plan,Casey Nguyen
acct_062,Ember Cafe Group,Casual Dining,Asia Pacific,Mid-Market,Pro,active,4582.0,4582.0,10.0,5869,0,0,0,0,0.0,58.8,At Risk,CSM risk note,Schedule CSM risk review and adoption plan,Drew Martinez
acct_016,Canyon Kitchen,Fine Dining,North America,Mid-Market,Pro,active,4576.0,4576.0,4.5,2933,0,0,1,0,0.0,32.9,Critical,Payment failure,Schedule CSM risk review and adoption plan,Jordan Ellis
acct_042,Golden Bistro,Casual Dining,Asia Pacific,Mid-Market,Pro,active,4462.0,4462.0,9.5,5889,0,0,0,0,0.0,58.4,At Risk,Low product adoption,Schedule CSM risk review and adoption plan,Riley Patel
acct_022,Maple Kitchen,Casual Dining,Asia Pacific,Mid-Market,Pro,active,4342.0,4342.0,10.5,6089,0,0,0,0,0.0,59.0,At Risk,CSM risk note,Schedule CSM risk review and adoption plan,Drew Martinez
acct_081,Bluebird Restaurant Co,Fine Dining,Latin America,Mid-Market,Pro,active,4291.0,4291.0,17.5,9383,0,0,0,0,0.0,76.5,Watch,Healthy usage and engagement,Continue regular success cadence,Morgan Lee
acct_001,Northstar Bistro,Fast Casual,North America,Mid-Market,Pro,active,4200.0,4200.0,23.0,8050,0,0,0,18000,9900.0,78.2,Watch,Healthy usage and engagement,Continue regular success cadence,Jordan Ellis
acct_061,Clover Cafe Group,Fine Dining,Latin America,Mid-Market,Pro,active,4171.0,4171.0,18.5,10183,0,0,0,0,0.0,77.1,Watch,Healthy usage and engagement,Continue regular success cadence,Avery Morgan
acct_087,Juniper Restaurant Co,Casual Dining,Europe,Mid-Market,Pro,active,4057.0,4057.0,24.5,13659,0,0,0,32500,22100.0,88.1,Healthy,Healthy usage and engagement,Advance expansion opportunity,Taylor Kim
acct_041,Foundry Bistro,Fine Dining,Latin America,Mid-Market,Pro,active,4051.0,4051.0,18.0,10203,0,0,0,0,0.0,77.1,Watch,Healthy usage and engagement,Continue regular success cadence,Morgan Lee
acct_067,Orchard Cafe Group,Casual Dining,Europe,Mid-Market,Pro,active,3937.0,3937.0,25.5,13859,0,0,0,31500,21420.0,88.7,Healthy,Healthy usage and engagement,Advance expansion opportunity,Samira Khan
acct_021,Juniper Kitchen,Fine Dining,Latin America,Mid-Market,Pro,active,3931.0,3931.0,17.5,9623,0,0,0,0,0.0,76.7,Watch,Healthy usage and engagement,Continue regular success cadence,Avery Morgan
acct_006,Metro Noodle House,Quick Service,Asia Pacific,Mid-Market,Pro,paused,3900.0,3900.0,6.0,900,0,0,1,0,0.0,35.9,Critical,Payment failure,Schedule CSM risk review and adoption plan,Taylor Kim
acct_047,Atlas Hospitality,Casual Dining,Europe,Mid-Market,Pro,active,3817.0,3817.0,25.0,13279,0,0,0,30500,20740.0,88.3,Healthy,Healthy usage and engagement,Advance expansion opportunity,Taylor Kim
acct_027,Canyon Table,Casual Dining,Europe,Mid-Market,Pro,active,3697.0,3697.0,24.5,13299,0,0,0,29500,20060.0,87.8,Healthy,Healthy usage and engagement,Advance expansion opportunity,Samira Khan
acct_086,Golden Restaurant Co,Fine Dining,Asia Pacific,Mid-Market,Pro,active,3646.0,3646.0,4.0,2893,0,0,1,0,0.0,32.2,Critical,Payment failure,Schedule CSM risk review and adoption plan,Drew Martinez
acct_012,Pacific Poke Labs,Fast Casual,Asia Pacific,Mid-Market,Pro,active,3600.0,3600.0,19.5,5750,0,0,0,15000,7200.0,73.7,Watch,Healthy usage and engagement,Continue regular success cadence,Taylor Kim
acct_066,Maple Cafe Group,Fine Dining,Asia Pacific,Mid-Market,Pro,active,3526.0,3526.0,3.5,2913,0,0,1,0,0.0,32.2,Critical,Payment failure,Schedule CSM risk review and adoption plan,Riley Patel
acct_092,Bluebird Food Hall,Casual Dining,North America,Mid-Market,Pro,active,3412.0,3412.0,10.0,5449,0,0,0,0,0.0,58.7,At Risk,CSM risk note,Schedule CSM risk review and adoption plan,Casey Nguyen
acct_046,Amber Hospitality,Fine Dining,Asia Pacific,Mid-Market,Pro,active,3406.0,3406.0,4.5,2513,0,0,1,0,0.0,32.8,Critical,Payment failure,Schedule CSM risk review and adoption plan,Drew Martinez
acct_059,Bluebird Cafe Group,Cafe,Europe,SMB,Starter,active,1733.0,1733.0,10.0,1851,0,0,0,0,0.0,59.0,At Risk,CSM risk note,Schedule CSM risk review and adoption plan,Samira Khan
acct_013,Amber Kitchen,Quick Service,Latin America,SMB,Starter,active,1731.0,1731.0,25.5,4100,0,0,0,8500,5780.0,88.6,Healthy,Healthy usage and engagement,Continue regular success cadence,Avery Morgan
acct_039,Clover Bistro,Cafe,Europe,SMB,Starter,active,1693.0,1693.0,9.5,2056,0,0,0,0,0.0,58.5,At Risk,Low product adoption,Schedule CSM risk review and adoption plan,Taylor Kim
acct_098,Juniper Food Hall,Quick Service,Asia Pacific,SMB,Starter,active,1676.0,1676.0,18.0,3585,0,0,0,8500,3570.0,77.1,Watch,Healthy usage and engagement,Continue regular success cadence,Riley Patel
acct_019,Foundry Kitchen,Cafe,Europe,SMB,Starter,active,1653.0,1653.0,10.5,2486,0,0,0,0,0.0,59.1,At Risk,CSM risk note,Schedule CSM risk review and adoption plan,Samira Khan
acct_078,Orchard Dining Collective,Quick Service,Asia Pacific,SMB,Starter,active,1636.0,1636.0,17.5,3190,0,0,0,8000,3360.0,76.6,Watch,Healthy usage and engagement,Continue regular success cadence,Drew Martinez
acct_058,Atlas Cafe Group,Quick Service,Asia Pacific,SMB,Starter,trial,1596.0,1596.0,18.5,3020,0,0,0,8000,3360.0,77.2,Watch,Healthy usage and engagement,Continue regular success cadence,Riley Patel
acct_084,Ember Restaurant Co,Cafe,North America,SMB,Starter,active,1558.0,1558.0,24.5,4276,0,0,0,8000,5440.0,88.2,Healthy,Healthy usage and engagement,Continue regular success cadence,Casey Nguyen
acct_038,Canyon Bistro,Quick Service,Asia Pacific,SMB,Starter,active,1556.0,1556.0,18.0,3225,0,0,0,8000,3360.0,76.8,Watch,Healthy usage and engagement,Continue regular success cadence,Drew Martinez
acct_064,Golden Cafe Group,Cafe,North America,SMB,Starter,active,1518.0,1518.0,25.5,4706,0,0,0,7500,5100.0,88.8,Healthy,Healthy usage and engagement,Continue regular success cadence,Jordan Ellis
acct_018,Ember Kitchen,Quick Service,Asia Pacific,SMB,Starter,active,1516.0,1516.0,17.5,3430,0,0,0,7500,3150.0,76.4,Watch,Healthy usage and engagement,Continue regular success cadence,Riley Patel
acct_044,Maple Bistro,Cafe,North America,SMB,Starter,active,1478.0,1478.0,25.0,4311,0,0,0,7500,5100.0,88.4,Healthy,Healthy usage and engagement,Continue regular success cadence,Casey Nguyen
acct_024,Amber Table,Cafe,North America,SMB,Starter,active,1438.0,1438.0,24.5,3916,0,0,0,7000,4760.0,88.0,Healthy,Healthy usage and engagement,Continue regular success cadence,Jordan Ellis
acct_083,Clover Restaurant Co,Quick Service,Europe,SMB,Starter,active,1421.0,1421.0,25.0,4245,0,0,0,7000,4760.0,88.3,Healthy,Healthy usage and engagement,Continue regular success cadence,Samira Khan
acct_063,Foundry Cafe Group,Quick Service,Europe,SMB,Starter,active,1381.0,1381.0,24.5,4450,0,0,0,7000,4760.0,87.9,Healthy,Healthy usage and engagement,Continue regular success cadence,Taylor Kim
acct_089,Orchard Restaurant Co,Cafe,Latin America,SMB,Starter,active,1343.0,1343.0,10.0,2031,0,0,0,0,0.0,58.9,At Risk,CSM risk note,Schedule CSM risk review and adoption plan,Morgan Lee
acct_043,Juniper Bistro,Quick Service,Europe,SMB,Starter,active,1341.0,1341.0,25.5,4880,0,0,0,6500,4420.0,88.5,Healthy,Healthy usage and engagement,Continue regular success cadence,Samira Khan
acct_069,Atlas Dining Collective,Cafe,Latin America,SMB,Starter,active,1303.0,1303.0,9.5,1636,0,0,0,0,0.0,58.5,At Risk,Low product adoption,Schedule CSM risk review and adoption plan,Avery Morgan
acct_023,Orchard Kitchen,Quick Service,Europe,SMB,Starter,active,1301.0,1301.0,25.0,3885,0,0,0,6500,4420.0,88.5,Healthy,Healthy usage and engagement,Continue regular success cadence,Taylor Kim
acct_049,Canyon Hospitality,Cafe,Latin America,SMB,Starter,active,1263.0,1263.0,10.5,2066,0,0,0,0,0.0,59.1,At Risk,CSM risk note,Schedule CSM risk review and adoption plan,Morgan Lee
acct_029,Ember Table,Cafe,Latin America,SMB,Starter,active,1223.0,1223.0,10.0,2271,0,0,0,0,0.0,58.6,At Risk,CSM risk note,Schedule CSM risk review and adoption plan,Avery Morgan
acct_088,Maple Restaurant Co,Quick Service,North America,SMB,Starter,active,1206.0,1206.0,18.5,3800,0,0,0,6000,2520.0,77.2,Watch,Healthy usage and engagement,Continue regular success cadence,Jordan Ellis
acct_003,Green Fork Kitchen,Fast Casual,Europe,SMB,Starter,active,1200.0,1200.0,12.5,1740,0,0,1,12000,4200.0,40.6,At Risk,Payment failure,Schedule CSM risk review and adoption plan,Riley Patel
acct_068,Amber Dining Collective,Quick Service,North America,SMB,Starter,paused,1166.0,1166.0,18.0,2805,0,0,0,6000,2520.0,76.7,Watch,Healthy usage and engagement,Continue regular success cadence,Casey Nguyen
acct_094,Clover Food Hall,Cafe,Asia Pacific,SMB,Starter,active,1128.0,1128.0,25.5,4286,0,0,0,5500,3740.0000000000005,88.7,Healthy,Healthy usage and engagement,Continue regular success cadence,Drew Martinez
acct_048,Bluebird Hospitality,Quick Service,North America,SMB,Starter,active,1126.0,1126.0,17.5,3010,0,0,0,5500,2310.0,76.7,Watch,Healthy usage and engagement,Continue regular success cadence,Jordan Ellis
acct_074,Foundry Dining Collective,Cafe,Asia Pacific,SMB,Starter,active,1088.0,1088.0,25.0,4491,0,0,0,5500,3740.0000000000005,88.3,Healthy,Healthy usage and engagement,Continue regular success cadence,Riley Patel
acct_028,Clover Table,Quick Service,North America,SMB,Starter,active,1086.0,1086.0,18.5,3440,0,0,0,5500,2310.0,77.3,Watch,Healthy usage and engagement,Continue regular success cadence,Casey Nguyen
acct_054,Juniper Hospitality,Cafe,Asia Pacific,SMB,Starter,active,1048.0,1048.0,24.5,4696,0,0,0,5000,3400.0000000000005,87.9,Healthy,Healthy usage and engagement,Continue regular success cadence,Drew Martinez
acct_034,Orchard Table,Cafe,Asia Pacific,SMB,Starter,active,1008.0,1008.0,25.5,3926,0,0,0,5000,3400.0000000000005,88.9,Healthy,Healthy usage and engagement,Continue regular success cadence,Riley Patel
acct_010,Luna Bakery Collective,Cafe,Europe,SMB,Starter,trial,1000.0,1000.0,11.0,1360,0,0,1,0,0.0,40.8,At Risk,Payment failure,Schedule CSM risk review and adoption plan,Riley Patel
acct_093,Canyon Food Hall,Quick Service,Latin America,SMB,Starter,active,991.0,991.0,24.5,4030,0,0,0,5000,3400.0000000000005,87.8,Healthy,Healthy usage and engagement,Continue regular success cadence,Avery Morgan
acct_014,Atlas Kitchen,Cafe,Asia Pacific,SMB,Starter,active,968.0,968.0,25.0,4131,0,0,0,5000,3400.0000000000005,88.5,Healthy,Healthy usage and engagement,Continue regular success cadence,Drew Martinez
acct_073,Ember Dining Collective,Quick Service,Latin America,SMB,Starter,active,951.0,951.0,25.5,4460,0,0,0,5000,3400.0000000000005,88.8,Healthy,Healthy usage and engagement,Continue regular success cadence,Morgan Lee
acct_099,Maple Food Hall,Cafe,Europe,SMB,Starter,active,913.0,913.0,9.5,2416,0,0,0,0,0.0,58.4,At Risk,Low product adoption,Schedule CSM risk review and adoption plan,Samira Khan
acct_053,Golden Hospitality,Quick Service,Latin America,SMB,Starter,active,911.0,911.0,25.0,4665,0,0,0,4500,3060.0,88.4,Healthy,Healthy usage and engagement,Continue regular success cadence,Avery Morgan
acct_005,Sunrise Taqueria,Quick Service,Latin America,SMB,Starter,active,900.0,900.0,17.0,2820,0,0,0,6400,2688.0,69.4,Watch,Healthy usage and engagement,Continue regular success cadence,Casey Nguyen
acct_079,Amber Restaurant Co,Cafe,Europe,SMB,Starter,active,873.0,873.0,10.5,2246,0,0,0,0,0.0,59.0,At Risk,CSM risk note,Schedule CSM risk review and adoption plan,Taylor Kim
acct_033,Maple Table,Quick Service,Latin America,SMB,Starter,active,871.0,871.0,24.5,4270,0,0,0,4500,3060.0,88.0,Healthy,Healthy usage and engagement,Continue regular success cadence,Morgan Lee
acct_007,Olive Branch Cafe,Cafe,Europe,SMB,Starter,churned,0.0,1100.0,1.0,120,0,0,0,0,0.0,28.5,Critical,Low product adoption,Schedule CSM risk review and adoption plan,Riley Patel
acct_004,Copper Kettle BBQ,Casual Dining,North America,Mid-Market,Pro,churned,0.0,5100.0,2.5,340,0,0,0,0,0.0,30.1,Critical,Low product adoption,Schedule CSM risk review and adoption plan,Jordan Ellis
